"Class","Name","Icon Path"
"Airport","Airport","\WW2\Core_t\IF_Markers_t\airport.paa"
"AirTeam","Air Team",""
"AntiAir","Anti-Air","\a3\ui_f\data\Map\Markers\Military\objective_CA.paa"
"Arrow","Arrow","\WW2\Core_t\IF_Markers_t\gr_arrow_ca.paa"
"Artillery","Artillery","\a3\ui_f\data\Map\Markers\Military\objective_CA.paa"
"Attack","Attack",""
"b_air","Helicopter","\A3\ui_f\data\map\markers\nato\b_air.paa"
"b_antiair","Anti-Air","\A3\ui_f\data\map\markers\nato\b_antiair.paa"
"b_armor","Armor","\A3\ui_f\data\map\markers\nato\b_armor.paa"
"b_art","Artillery","\A3\ui_f\data\map\markers\nato\b_art.paa"
"b_empty","Germany - Empty","\WW2\Core_t\IF_Markers_t\b_unknown.paa"
"b_hq","HQ","\A3\ui_f\data\map\markers\nato\b_hq.paa"
"b_inf","Infantry","\A3\ui_f\data\map\markers\nato\b_inf.paa"
"b_installation","Installation","\A3\ui_f\data\map\markers\nato\b_installation.paa"
"b_maint","Maintenance","\A3\ui_f\data\map\markers\nato\b_maint.paa"
"b_mech_inf","Mechanized","\A3\ui_f\data\map\markers\nato\b_mech_inf.paa"
"b_med","Medical","\A3\ui_f\data\map\markers\nato\b_med.paa"
"b_mortar","Mortar","\A3\ui_f\data\map\markers\nato\b_mortar.paa"
"b_motor_inf","Motorized","\A3\ui_f\data\map\markers\nato\b_motor_inf.paa"
"b_naval","Naval","\A3\ui_f\data\map\markers\nato\b_naval.paa"
"b_Ordnance","Ordnance","\a3\UI_F_Orange\Data\CfgMarkers\b_Ordnance_ca.paa"
"b_plane","Plane","\A3\ui_f\data\map\markers\nato\b_plane.paa"
"b_recon","Recon","\A3\ui_f\data\map\markers\nato\b_recon.paa"
"b_service","Service","\A3\ui_f\data\map\markers\nato\b_service.paa"
"b_support","Support","\A3\ui_f\data\map\markers\nato\b_support.paa"
"b_uav","UAV","\A3\ui_f\data\map\markers\nato\b_uav.paa"
"b_unknown","Unknown","\A3\ui_f\data\map\markers\nato\b_unknown.paa"
"c_air","Helicopter","\A3\ui_f\data\map\markers\nato\c_air.paa"
"c_car","Car","\A3\ui_f\data\map\markers\nato\c_car.paa"
"c_plane","Plane","\A3\ui_f\data\map\markers\nato\c_plane.paa"
"c_ship","Ship","\A3\ui_f\data\map\markers\nato\c_ship.paa"
"c_unknown","Unknown","\A3\ui_f\data\map\markers\nato\c_unknown.paa"
"Camp","Camp",""
"City","City","\a3\ui_f\data\Map\Markers\Military\objective_CA.paa"
"CommandTeam","Command Team",""
"Contact_arrow1","arrow1","\a3\UI_F_Enoch\Data\CfgMarkers\arrow1_ca.paa"
"Contact_arrow2","arrow2","\a3\UI_F_Enoch\Data\CfgMarkers\arrow2_ca.paa"
"Contact_arrow3","arrow3","\a3\UI_F_Enoch\Data\CfgMarkers\arrow3_ca.paa"
"Contact_arrowLeft","arrowLeft","\a3\UI_F_Enoch\Data\CfgMarkers\arrowLeft_ca.paa"
"Contact_arrowRight","arrowRight","\a3\UI_F_Enoch\Data\CfgMarkers\arrowRight_ca.paa"
"Contact_arrowSmall1","arrowSmall1","\a3\UI_F_Enoch\Data\CfgMarkers\arrowSmall1_ca.paa"
"Contact_arrowSmall2","arrowSmall2","\a3\UI_F_Enoch\Data\CfgMarkers\arrowSmall2_ca.paa"
"Contact_art1","art1","\a3\UI_F_Enoch\Data\CfgMarkers\art1_ca.paa"
"Contact_art2","art2","\a3\UI_F_Enoch\Data\CfgMarkers\art2_ca.paa"
"Contact_circle1","circle1","\a3\UI_F_Enoch\Data\CfgMarkers\circle1_ca.paa"
"Contact_circle2","circle2","\a3\UI_F_Enoch\Data\CfgMarkers\circle2_ca.paa"
"Contact_circle3","circle3","\a3\UI_F_Enoch\Data\CfgMarkers\circle3_ca.paa"
"Contact_circle4","circle4","\a3\UI_F_Enoch\Data\CfgMarkers\circle4_ca.paa"
"Contact_dashedLine1","dashedLine1","\a3\UI_F_Enoch\Data\CfgMarkers\dashedLine1_ca.paa"
"Contact_dashedLine2","dashedLine2","\a3\UI_F_Enoch\Data\CfgMarkers\dashedLine2_ca.paa"
"Contact_dashedLine3","dashedLine3","\a3\UI_F_Enoch\Data\CfgMarkers\dashedLine3_ca.paa"
"Contact_defenseLine","defenseLine","\a3\UI_F_Enoch\Data\CfgMarkers\defenseLine_ca.paa"
"Contact_defenseLineOver","defenseLineOver","\a3\UI_F_Enoch\Data\CfgMarkers\defenseLineOver_ca.paa"
"Contact_dot1","dot1","\a3\UI_F_Enoch\Data\CfgMarkers\dot1_ca.paa"
"Contact_dot2","dot2","\a3\UI_F_Enoch\Data\CfgMarkers\dot2_ca.paa"
"Contact_dot3","dot3","\a3\UI_F_Enoch\Data\CfgMarkers\dot3_ca.paa"
"Contact_dot4","dot4","\a3\UI_F_Enoch\Data\CfgMarkers\dot4_ca.paa"
"Contact_dot5","dot5","\a3\UI_F_Enoch\Data\CfgMarkers\dot5_ca.paa"
"Contact_pencilCircle1","pencilCircle1","\a3\UI_F_Enoch\Data\CfgMarkers\pencilCircle1_ca.paa"
"Contact_pencilCircle2","pencilCircle2","\a3\UI_F_Enoch\Data\CfgMarkers\pencilCircle2_ca.paa"
"Contact_pencilCircle3","pencilCircle3","\a3\UI_F_Enoch\Data\CfgMarkers\pencilCircle3_ca.paa"
"Contact_pencilDoodle1","pencilDoodle1","\a3\UI_F_Enoch\Data\CfgMarkers\pencilDoodle1_ca.paa"
"Contact_pencilDoodle2","pencilDoodle2","\a3\UI_F_Enoch\Data\CfgMarkers\pencilDoodle2_ca.paa"
"Contact_pencilDoodle3","pencilDoodle3","\a3\UI_F_Enoch\Data\CfgMarkers\pencilDoodle3_ca.paa"
"Contact_pencilDot1","pencilDot1","\a3\UI_F_Enoch\Data\CfgMarkers\pencilDot1_ca.paa"
"Contact_pencilDot2","pencilDot2","\a3\UI_F_Enoch\Data\CfgMarkers\pencilDot2_ca.paa"
"Contact_pencilDot3","pencilDot3","\a3\UI_F_Enoch\Data\CfgMarkers\pencilDot3_ca.paa"
"Contact_pencilTask1","pencilTask1","\a3\UI_F_Enoch\Data\CfgMarkers\pencilTask1_ca.paa"
"Contact_pencilTask2","pencilTask2","\a3\UI_F_Enoch\Data\CfgMarkers\pencilTask2_ca.paa"
"Contact_pencilTask3","pencilTask3","\a3\UI_F_Enoch\Data\CfgMarkers\pencilTask3_ca.paa"
"Defend","Defend",""
"Depot","Depot","\a3\ui_f\data\Map\Markers\Military\objective_CA.paa"
"Destroy","Destroy","\WW2\Core_t\IF_Markers_t\gr_marker_cross_ca.paa"
"DestroyedVehicle","Destroyed Vehicle",""
"Dot","Dot","\WW2\Core_t\IF_Markers_t\gr_marker_dot_ca.paa"
"Empty","Empty","\A3\ui_f\data\map\markers\system\empty_ca.paa"
"EmptyIcon","Flag","#(argb,8,8,3)color(0,0,0,0)"
"End","End","\WW2\Core_t\IF_Markers_t\gr_end_point_ca.paa"
"Faction_BLUFOR_EP1","Flag (BLUFOR)","ca\Ca_E\data\flag_blufor_co.paa"
"Faction_CDF","Flag (Chernarus)","\ca\data\flag_chernarus_co.paa"
"Faction_CzechRepublic_EP1","Flag (Czech Republic)","ca\Ca_E\data\flag_cz_co.paa"
"Faction_Germany_EP1","Flag (Germany)","ca\Ca_E\data\flag_ger_co.paa"
"Faction_GUE","Flag (NAPA)","\ca\data\flag_napa_co.paa"
"Faction_INDFOR_EP1","Flag (INDFOR)","ca\Ca_E\data\flag_indfor_co.paa"
"Faction_INS","Flag (ChDKZ)","\ca\data\flag_chdkz_co.paa"
"Faction_ION_black_PMC","Flag (ION black)","ca\Ca_PMC\flag_ion_black_co"
"Faction_ION_white_PMC","Flag (ION white)","ca\Ca_PMC\flag_ion_white_co"
"Faction_NATO_EP1","Flag (NATO)","ca\Ca_E\data\flag_nato_co.paa"
"Faction_OPFOR_EP1","Flag (OPFOR)","ca\Ca_E\data\flag_opfor_co.paa"
"Faction_RU","Flag (Russia)","\ca\data\flag_rus_co.paa"
"Faction_TKA_EP1","Flag (TK Army)","ca\Ca_E\data\flag_tka_co.paa"
"Faction_TKG_EP1","Flag (Kingdom of Takistan)","ca\Ca_E\data\flag_tkg_co.paa"
"Faction_TKM_EP1","Flag (TK Militia)","ca\Ca_E\data\flag_tkm_co.paa"
"Faction_UNO_EP1","Flag (UNO)","ca\Ca_E\data\flag_uno_co.paa"
"Faction_US","Flag (USA)","\ca\data\flag_usa_co.paa"
"Faction_USMC","USMC","\ca\data\flag_usmc_co.paa"
"FireMission","Fire Mission",""
"Flag","Flag","\A3\ui_f\data\map\markers\military\objective_CA.paa"
"Flag1","Flag","\WW2\Core_t\IF_Markers_t\gr_flag_ca.paa"
"flag_AAF","Altis Armed Forces","\A3\ui_f\data\map\markers\flags\AAF_ca.paa"
"flag_Altis","Altis","\A3\ui_f\data\map\markers\flags\Altis_ca.paa"
"flag_AltisColonial","Altis (Colonial)","\A3\ui_f\data\map\markers\flags\AltisColonial_ca.paa"
"flag_Astra","Astra","\a3\UI_F_Enoch\Data\CfgMarkers\Astra_CA.paa"
"flag_Belgium","Belgium","\A3\ui_f\data\map\markers\flags\Belgium_ca.paa"
"flag_Canada","Canada","\A3\ui_f\data\map\markers\flags\Canada_ca.paa"
"flag_Catalonia","Catalonia","\A3\ui_f\data\map\markers\flags\Catalonia_ca.paa"
"flag_Croatia","Croatia","\A3\ui_f\data\map\markers\flags\Croatia_ca.paa"
"flag_CSAT","CSAT","\A3\ui_f\data\map\markers\flags\CSAT_ca.paa"
"flag_CTRG","CTRG","\A3\Ui_f\data\Map\Markers\Flags\ctrg_ca.paa"
"flag_CzechRepublic","Czech Republic","\A3\ui_f\data\map\markers\flags\CzechRepublic_ca.paa"
"flag_Denmark","Denmark","\A3\ui_f\data\map\markers\flags\Denmark_ca.paa"
"flag_EAF","Livonian Defense Force","\a3\UI_F_Enoch\Data\CfgMarkers\LDF_CA.paa"
"flag_Enoch","Livonia","\a3\UI_F_Enoch\Data\CfgMarkers\Livonia_CA.paa"
"flag_EnochLooters","Livonian Looters","\a3\UI_F_Enoch\Data\CfgMarkers\LivoniaLooters_CA.paa"
"flag_EU","European Union","\A3\ui_f\data\map\markers\flags\EU_ca.paa"
"flag_FIA","FIA","\A3\ui_f\data\map\markers\flags\FIA_ca.paa"
"flag_France","France","\A3\ui_f\data\map\markers\flags\France_ca.paa"
"flag_Georgia","Georgia","\A3\ui_f\data\map\markers\flags\Georgia_ca.paa"
"flag_Germany","Germany","\A3\ui_f\data\map\markers\flags\Germany_ca.paa"
"flag_Greece","Greece","\A3\ui_f\data\map\markers\flags\Greece_ca.paa"
"flag_Hungary","Hungary","\A3\ui_f\data\map\markers\flags\Hungary_ca.paa"
"flag_Iceland","Iceland","\A3\ui_f\data\map\markers\flags\Iceland_ca.paa"
"flag_IDAP","International Development & Aid Project","\A3\ui_f_orange\data\cfgmarkers\IDAP_ca.paa"
"flag_Italy","Italy","\A3\ui_f\data\map\markers\flags\Italy_ca.paa"
"flag_Luxembourg","Luxembourg","\A3\ui_f\data\map\markers\flags\Luxembourg_ca.paa"
"flag_NATO","NATO","\A3\ui_f\data\map\markers\flags\nato_ca.paa"
"flag_Netherlands","Netherlands","\A3\ui_f\data\map\markers\flags\Netherlands_ca.paa"
"flag_Norway","Norway","\A3\ui_f\data\map\markers\flags\Norway_ca.paa"
"flag_Poland","Poland","\A3\ui_f\data\map\markers\flags\Poland_ca.paa"
"flag_Portugal","Portugal","\A3\ui_f\data\map\markers\flags\Portugal_ca.paa"
"flag_Russia","Russia","\a3\UI_F_Enoch\Data\CfgMarkers\Russia_CA.paa"
"flag_Slovakia","Slovakia","\A3\ui_f\data\map\markers\flags\Slovakia_ca.paa"
"flag_Slovenia","Slovenia","\A3\ui_f\data\map\markers\flags\Slovenia_ca.paa"
"flag_Spain","Spain","\A3\ui_f\data\map\markers\flags\Spain_ca.paa"
"flag_Spetsnaz","Spetsnaz","\a3\UI_F_Enoch\Data\CfgMarkers\Spetsnaz_CA.paa"
"flag_Syndicat","Syndikat","\A3\Ui_f\data\Map\Markers\Flags\syndicat_ca.paa"
"flag_Tanoa","Tanoa","\A3\Ui_f\data\Map\Markers\Flags\tanoa_ca.paa"
"flag_TanoaGendarmerie","Gendarmerie","\A3\Ui_f\data\Map\Markers\Flags\tanoaGendarmerie_ca.paa"
"flag_UK","UK","\A3\ui_f\data\map\markers\flags\UK_ca.paa"
"flag_UN","United Nations","\A3\ui_f\data\map\markers\flags\UN_ca.paa"
"flag_USA","USA","\A3\ui_f\data\map\markers\flags\USA_ca.paa"
"flag_Viper","Viper","\A3\Ui_f\data\Map\Markers\Flags\viper_ca.paa"
"FOB","F.O.B.","\a3\ui_f\data\Map\Markers\Military\objective_CA.paa"
"GroundSupport_ARTY_EAST","GroundSupport_ARTY_EAST","\a3\Modules_F_Curator\Data\iconOrdnance_ca.paa"
"GroundSupport_ARTY_RESISTANCE","GroundSupport_ARTY_RESISTANCE","\a3\Modules_F_Curator\Data\iconOrdnance_ca.paa"
"GroundSupport_ARTY_WEST","GroundSupport_ARTY_WEST","\a3\Modules_F_Curator\Data\iconOrdnance_ca.paa"
"GroundSupport_CAS_EAST","GroundSupport_CAS_EAST","\a3\Modules_F_Curator\Data\portraitCASGunMissile_ca.paa"
"GroundSupport_CAS_RESISTANCE","GroundSupport_CAS_RESISTANCE","\a3\Modules_F_Curator\Data\portraitCASGunMissile_ca.paa"
"GroundSupport_CAS_WEST","GroundSupport_CAS_WEST","\a3\Modules_F_Curator\Data\portraitCASGunMissile_ca.paa"
"group_0","Fire Team","\A3\ui_f\data\map\markers\nato\group_0.paa"
"group_1","Squad","\A3\ui_f\data\map\markers\nato\group_1.paa"
"group_10","Army","\A3\ui_f\data\map\markers\nato\group_10.paa"
"group_11","Army Group","\A3\ui_f\data\map\markers\nato\group_11.paa"
"group_2","Section","\A3\ui_f\data\map\markers\nato\group_2.paa"
"group_3","Platoon","\A3\ui_f\data\map\markers\nato\group_3.paa"
"group_4","Company","\A3\ui_f\data\map\markers\nato\group_4.paa"
"group_5","Battalion","\A3\ui_f\data\map\markers\nato\group_5.paa"
"group_6","Regiment","\A3\ui_f\data\map\markers\nato\group_6.paa"
"group_7","Brigade","\A3\ui_f\data\map\markers\nato\group_7.paa"
"group_8","Division","\A3\ui_f\data\map\markers\nato\group_8.paa"
"group_9","Corps","\A3\ui_f\data\map\markers\nato\group_9.paa"
"hd_ambush","Ambush","\A3\ui_f\data\map\markers\handdrawn\ambush_CA.paa"
"hd_ambush_noShadow","Ambush","\A3\ui_f\data\map\markers\handdrawn\ambush_CA.paa"
"hd_arrow","Arrow","\A3\ui_f\data\map\markers\handdrawn\arrow_CA.paa"
"hd_arrow_noShadow","Arrow","\A3\ui_f\data\map\markers\handdrawn\arrow_CA.paa"
"hd_destroy","Destroy","\A3\ui_f\data\map\markers\handdrawn\destroy_CA.paa"
"hd_destroy_noShadow","Destroy","\A3\ui_f\data\map\markers\handdrawn\destroy_CA.paa"
"hd_dot","Dot","\A3\ui_f\data\map\markers\handdrawn\dot_CA.paa"
"hd_dot_noShadow","Dot","\A3\ui_f\data\map\markers\handdrawn\dot_CA.paa"
"hd_end","End","\A3\ui_f\data\map\markers\handdrawn\end_CA.paa"
"hd_end_noShadow","End","\A3\ui_f\data\map\markers\handdrawn\end_CA.paa"
"hd_flag","Flag","\A3\ui_f\data\map\markers\handdrawn\flag_CA.paa"
"hd_flag_noShadow","Flag","\A3\ui_f\data\map\markers\handdrawn\flag_CA.paa"
"hd_join","Join","\A3\ui_f\data\map\markers\handdrawn\join_CA.paa"
"hd_join_noShadow","Join","\A3\ui_f\data\map\markers\handdrawn\join_CA.paa"
"hd_objective","Objective","\A3\ui_f\data\map\markers\handdrawn\objective_CA.paa"
"hd_objective_noShadow","Objective","\A3\ui_f\data\map\markers\handdrawn\objective_CA.paa"
"hd_pickup","Pick Up","\A3\ui_f\data\map\markers\handdrawn\pickup_CA.paa"
"hd_pickup_noShadow","Pick Up","\A3\ui_f\data\map\markers\handdrawn\pickup_CA.paa"
"hd_start","Start","\A3\ui_f\data\map\markers\handdrawn\start_CA.paa"
"hd_start_noShadow","Start","\A3\ui_f\data\map\markers\handdrawn\start_CA.paa"
"hd_unknown","Unknown","\A3\ui_f\data\map\markers\handdrawn\unknown_CA.paa"
"hd_unknown_noShadow","Unknown","\A3\ui_f\data\map\markers\handdrawn\unknown_CA.paa"
"hd_warning","Warning","\A3\ui_f\data\map\markers\handdrawn\warning_CA.paa"
"hd_warning_noShadow","Warning","\A3\ui_f\data\map\markers\handdrawn\warning_CA.paa"
"hd_yt","Destroy","\WW2\Core_t\IF_Markers_t\hd_marker_cross_ca.paa"
"Headquarters","Headquarters",""
"HeavyTeam","Heavy Team",""
"Heliport","Heliport","\a3\ui_f\data\Map\Markers\Military\objective_CA.paa"
"HQ","H.Q.","\a3\ui_f\data\Map\Markers\Military\objective_CA.paa"
"I44_A_AAF_Flt","A: AAF Flight","\WW2\Core_t\I44_Markers_t\A\A_AAF_FLT.paa"
"I44_A_AAF_Sqdr","A: AAF Squadron","\WW2\Core_t\I44_Markers_t\A\A_AAF_SQDR.paa"
"I44_A_AAF_Wing","A: AAF Wing","\WW2\Core_t\I44_Markers_t\A\A_AAF_WING.paa"
"I44_A_Armor_Co","A: Armor Co","\WW2\Core_t\I44_Markers_t\A\A_ARMOR_CO.paa"
"I44_A_Armor_Div","A: Armor Dvn","\WW2\Core_t\I44_Markers_t\A\A_ARMOR_DIV.paa"
"I44_A_Armor_Pltn","A: Armor Pltn","\WW2\Core_t\I44_Markers_t\A\A_ARMOR_PLTN.paa"
"I44_A_Armor_Reg","A: Armor Rgmt","\WW2\Core_t\I44_Markers_t\A\A_ARMOR_REG.paa"
"I44_A_Art_Co","A: Artillery Bty","\WW2\Core_t\I44_Markers_t\A\A_ART_BTRY.paa"
"I44_A_Art_Pltn","A: Artillery Pltn","\WW2\Core_t\I44_Markers_t\A\A_ART_PLTN.paa"
"I44_A_Art_Sqd","A: Artillery Sqd","\WW2\Core_t\I44_Markers_t\A\A_ART_SQD.paa"
"I44_A_Cav_Armor_Co","A: Mech Cavalry Co","\WW2\Core_t\I44_Markers_t\A\A_CAV_ARMOR_CO.paa"
"I44_A_Cav_Armor_Pltn","A: Mech Cavalry Pltn","\WW2\Core_t\I44_Markers_t\A\A_CAV_ARMOR_PLTN.paa"
"I44_A_Cav_Armor_Reg","A: Mech Cavalry Rgmt","\WW2\Core_t\I44_Markers_t\A\A_CAV_ARMOR_REG.paa"
"I44_A_Cav_Co","A: Cavalry Co","\WW2\Core_t\I44_Markers_t\A\A_CAV_CO.paa"
"I44_A_Cav_Div","A: Cavalry Dvn","\WW2\Core_t\I44_Markers_t\A\A_CAV_DIV.paa"
"I44_A_Cav_Mot_Co","A: Mot Cavalry Co","\WW2\Core_t\I44_Markers_t\A\A_CAV_MOT_CO.paa"
"I44_A_Cav_Mot_Pltn","A: Mot Cavalry Pltn","\WW2\Core_t\I44_Markers_t\A\A_CAV_MOT_PLTN.paa"
"I44_A_Cav_Mot_Reg","A: Mot Cavalry Rgmt","\WW2\Core_t\I44_Markers_t\A\A_CAV_MOT_REG.paa"
"I44_A_Cav_Mot_Sqd","A: Mot Cavalry Sqd","\WW2\Core_t\I44_Markers_t\A\A_CAV_MOT_SQD.paa"
"I44_A_Cav_Pltn","A: Cavalry Pltn","\WW2\Core_t\I44_Markers_t\A\A_CAV_PLTN.paa"
"I44_A_Cav_Reg","A: Cavalry Rgmt","\WW2\Core_t\I44_Markers_t\A\A_CAV_REG.paa"
"I44_A_Cav_Sqd","A: Cavalry Sqd","\WW2\Core_t\I44_Markers_t\A\A_CAV_SQD.paa"
"I44_A_Eng_Co","A: Engineer Co","\WW2\Core_t\I44_Markers_t\A\A_ENG_CO.paa"
"I44_A_Eng_Pltn","A: Engineer Pltn","\WW2\Core_t\I44_Markers_t\A\A_ENG_PLTN.paa"
"I44_A_Eng_Reg","A: Engineer Rgmt","\WW2\Core_t\I44_Markers_t\A\A_ENG_REG.paa"
"I44_A_Eng_Sqd","A: Engineer Sqd","\WW2\Core_t\I44_Markers_t\A\A_ENG_SQD.paa"
"I44_A_Gun_MG","A: Machine Gun","\WW2\Core_t\I44_Markers_t\A\A_GUN_MG.paa"
"I44_A_Gun_Mortar","A: Mortar","\WW2\Core_t\I44_Markers_t\A\A_GUN_Mortar.paa"
"I44_A_Inf_Abn_Co","A: AB Infantry Co","\WW2\Core_t\I44_Markers_t\A\A_INF_ABN_CO.paa"
"I44_A_Inf_Abn_Div","A: AB Infantry Dvn","\WW2\Core_t\I44_Markers_t\A\A_INF_ABN_DIV.paa"
"I44_A_Inf_Abn_Pltn","A: AB Infantry Pltn","\WW2\Core_t\I44_Markers_t\A\A_INF_ABN_PLTN.paa"
"I44_A_Inf_Abn_Reg","A: AB Infantry Rgmt","\WW2\Core_t\I44_Markers_t\A\A_INF_ABN_REG.paa"
"I44_A_Inf_Abn_Sqd","A: AB Infantry Sqd","\WW2\Core_t\I44_Markers_t\A\A_INF_ABN_SQD.paa"
"I44_A_Inf_Armor_Co","A: Mech Infantry Co","\WW2\Core_t\I44_Markers_t\A\A_INF_ARMOR_CO.paa"
"I44_A_Inf_Armor_Div","A: Mech Infantry Dvn","\WW2\Core_t\I44_Markers_t\A\A_INF_ARMOR_DIV.paa"
"I44_A_Inf_Armor_Pltn","A: Mech Infantry Pltn","\WW2\Core_t\I44_Markers_t\A\A_INF_ARMOR_PLTN.paa"
"I44_A_Inf_Armor_Reg","A: Mech Infantry Rgmt","\WW2\Core_t\I44_Markers_t\A\A_INF_ARMOR_REG.paa"
"I44_A_Inf_Armor_Sqd","A: Mech Infantry Sqd","\WW2\Core_t\I44_Markers_t\A\A_INF_ARMOR_SQD.paa"
"I44_A_Inf_Co","A: Infantry Co","\WW2\Core_t\I44_Markers_t\A\A_INF_CO.paa"
"I44_A_Inf_Div","A: Infantry Dvn","\WW2\Core_t\I44_Markers_t\A\A_INF_DIV.paa"
"I44_A_Inf_Pltn","A: Infantry Pltn","\WW2\Core_t\I44_Markers_t\A\A_INF_PLTN.paa"
"I44_A_Inf_Reg","A: Infantry Rgmt","\WW2\Core_t\I44_Markers_t\A\A_INF_REG.paa"
"I44_A_Inf_Sqd","A: Infantry Sqd","\WW2\Core_t\I44_Markers_t\A\A_INF_SQD.paa"
"I44_A_Veh_Car","A: Car","\WW2\Core_t\I44_Markers_t\A\A_VEH_CAR.paa"
"I44_A_Veh_Tank","A: Tank","\WW2\Core_t\I44_Markers_t\A\A_VEH_TANK.paa"
"I44_Act_Clear","Action: Clear","\WW2\Core_t\I44_Markers_t\o\ACT_CLEAR.paa"
"I44_Act_Contain","Action: Contain","\WW2\Core_t\I44_Markers_t\o\ACT_CONTAIN.paa"
"I44_Act_Destroy","Action: Destroy","\WW2\Core_t\I44_Markers_t\o\ACT_DESTROY.paa"
"I44_Act_Fix","Action: Fix","\WW2\Core_t\I44_Markers_t\o\ACT_FIX.paa"
"I44_Act_Interdict","Action: Interdict","\WW2\Core_t\I44_Markers_t\o\ACT_INTERDICT.paa"
"I44_Act_Isolate","Action: Isolate","\WW2\Core_t\I44_Markers_t\o\ACT_ISOLATE.paa"
"I44_Act_Landing_AB","Action: AB Landing","\WW2\Core_t\I44_Markers_t\o\ACT_LANDING_ABN.paa"
"I44_Act_March","Action: March","\WW2\Core_t\I44_Markers_t\o\ACT_March.paa"
"I44_Act_MarchOld","Action: March (Old)","\WW2\Core_t\I44_Markers_t\o\ACT_MarchOld.paa"
"I44_Act_Neutralize","Action: Neutralize","\WW2\Core_t\I44_Markers_t\o\ACT_NEUTRALIZE.paa"
"I44_Act_Occupy","Action: Occupy","\WW2\Core_t\I44_Markers_t\o\ACT_OCCUPY.paa"
"I44_Act_Secure","Action: Secure","\WW2\Core_t\I44_Markers_t\o\ACT_SECURE.paa"
"I44_B_Armor_Co","B: Armor Co","\WW2\Core_t\I44_Markers_t\B\B_ARMOR_CO.paa"
"I44_B_Armor_Div","B: Armor Dvn","\WW2\Core_t\I44_Markers_t\B\B_ARMOR_DIV.paa"
"I44_B_Armor_Pltn","B: Armor Pltn","\WW2\Core_t\I44_Markers_t\B\B_ARMOR_PLTN.paa"
"I44_B_Armor_Reg","B: Armor Rgmt","\WW2\Core_t\I44_Markers_t\B\B_ARMOR_REG.paa"
"I44_B_Art_Co","B: Artillery Bty","\WW2\Core_t\I44_Markers_t\B\B_ART_BTY.paa"
"I44_B_Eng_Co","B: Engineer Co","\WW2\Core_t\I44_Markers_t\B\B_ENG_CO.paa"
"I44_B_Eng_Pltn","B: Engineer Pltn","\WW2\Core_t\I44_Markers_t\B\B_ENG_PLTN.paa"
"I44_B_Gun_AA","B: AA Gun","\WW2\Core_t\I44_Markers_t\B\B_GUN_AA.paa"
"I44_B_Gun_AT","B: AT Gun","\WW2\Core_t\I44_Markers_t\B\B_GUN_AT.paa"
"I44_B_Gun_ATR","B: AT Rifle","\WW2\Core_t\I44_Markers_t\B\B_GUN_ATR.paa"
"I44_B_Gun_H","B: Howitzer","\WW2\Core_t\I44_Markers_t\B\B_GUN_H.paa"
"I44_B_Gun_MG","B: Machine Gun","\WW2\Core_t\I44_Markers_t\B\B_GUN_MG.paa"
"I44_B_Gun_Mortar","B: Mortar","\WW2\Core_t\I44_Markers_t\B\B_GUN_Mortar.paa"
"I44_B_Inf_Abn_Co","B: AB Infantry Co","\WW2\Core_t\I44_Markers_t\B\B_INF_AB_CO.paa"
"I44_B_Inf_Abn_Div","B: AB Infantry Dvn","\WW2\Core_t\I44_Markers_t\B\B_INF_AB_DIV.paa"
"I44_B_Inf_Abn_Pltn","B: AB Infantry Pltn","\WW2\Core_t\I44_Markers_t\B\B_INF_AB_PLTN.paa"
"I44_B_Inf_Abn_Reg","B: AB Infantry Rgmt","\WW2\Core_t\I44_Markers_t\B\B_INF_AB_REG.paa"
"I44_B_Inf_AbnG_Co","B: AB Infantry (Glider) Co","\WW2\Core_t\I44_Markers_t\B\B_INF_ABG_CO.paa"
"I44_B_Inf_AbnG_Pltn","B: AB Infantry (Glider) Pltn","\WW2\Core_t\I44_Markers_t\B\B_INF_ABG_PLTN.paa"
"I44_B_Inf_AbnG_Reg","B: AB Infantry (Glider) Rgmt","\WW2\Core_t\I44_Markers_t\B\B_INF_ABG_REG.paa"
"I44_B_Inf_Co","B: Infantry Co","\WW2\Core_t\I44_Markers_t\B\B_INF_CO.paa"
"I44_B_Inf_Corps","B: Infantry Corps","\WW2\Core_t\I44_Markers_t\B\B_INF_CORPS.paa"
"I44_B_Inf_Div","B: Infantry Dvn","\WW2\Core_t\I44_Markers_t\B\B_INF_DIV.paa"
"I44_B_Inf_Mot_Co","B: Mot Infantry Co","\WW2\Core_t\I44_Markers_t\B\B_INF_MOT_CO.paa"
"I44_B_Inf_Mot_Pltn","B: Mot Infantry Pltn","\WW2\Core_t\I44_Markers_t\B\B_INF_MOT_PLTN.paa"
"I44_B_Inf_Pltn","B: Infantry Pltn","\WW2\Core_t\I44_Markers_t\B\B_INF_PLTN.paa"
"I44_B_Inf_Reg","B: Infantry Rgmt","\WW2\Core_t\I44_Markers_t\B\B_INF_REG.paa"
"I44_B_RAF_Flt","B: RAF Flight","\WW2\Core_t\I44_Markers_t\B\B_RAF_FLT.paa"
"I44_B_RAF_Sqdr","B: RAF Squadron","\WW2\Core_t\I44_Markers_t\B\B_RAF_SQDR.paa"
"I44_B_Veh_Car","B: Car","\WW2\Core_t\I44_Markers_t\B\B_VEH_CAR.paa"
"I44_B_Veh_Tank","B: Tank","\WW2\Core_t\I44_Markers_t\B\B_VEH_TANK.paa"
"I44_G_Armor_AG_Pltn","G: Assault Gun Pltn","\WW2\Core_t\I44_Markers_t\G\G_ARMOR_AG_PLTN.paa"
"I44_G_Armor_AT_Pltn","G: Assault Tank Pltn","\WW2\Core_t\I44_Markers_t\G\G_ARMOR_AT_PLTN.paa"
"I44_G_Armor_Co","G: Armor Co","\WW2\Core_t\I44_Markers_t\G\G_ARMOR_CO.paa"
"I44_G_Armor_Div","G: Armor Dvn","\WW2\Core_t\I44_Markers_t\G\G_ARMOR_DIV.paa"
"I44_G_Armor_Pltn","G: Armor Pltn","\WW2\Core_t\I44_Markers_t\G\G_ARMOR_PLTN.paa"
"I44_G_Armor_Reg","G: Armor Rgmt","\WW2\Core_t\I44_Markers_t\G\G_ARMOR_REG.paa"
"I44_G_Art_Co","G: Artillery Bty","\WW2\Core_t\I44_Markers_t\G\G_ART_BTRY.paa"
"I44_G_Art_Pltn","G: Artillery Pltn","\WW2\Core_t\I44_Markers_t\G\G_ART_PLTN.paa"
"I44_G_Gun_AA","G: FlaK Gun","\WW2\Core_t\I44_Markers_t\G\G_GUN_FK.paa"
"I44_G_Gun_AT","G: Field Gun","\WW2\Core_t\I44_Markers_t\G\G_GUN_FG.paa"
"I44_G_Gun_ATs","G: Field Gun (schwer)","\WW2\Core_t\I44_Markers_t\G\G_GUN_FGs.paa"
"I44_G_Gun_H","G: Howitzer","\WW2\Core_t\I44_Markers_t\G\G_GUN_FH.paa"
"I44_G_Gun_IG","G: Infantry Gun","\WW2\Core_t\I44_Markers_t\G\G_GUN_IG.paa"
"I44_G_Gun_MG","G: Machine Gun","\WW2\Core_t\I44_Markers_t\G\G_GUN_MG.paa"
"I44_G_Gun_Mortar","G: Mortar","\WW2\Core_t\I44_Markers_t\G\G_GUN_GW.paa"
"I44_G_Gun_Rocket","G: Rocket Launcher","\WW2\Core_t\I44_Markers_t\G\G_GUN_NW.paa"
"I44_G_Inf_Co","G: Infantry Co","\WW2\Core_t\I44_Markers_t\G\G_INF_CO.paa"
"I44_G_Inf_Div","G: Infantry Dvn","\WW2\Core_t\I44_Markers_t\G\G_INF_DIV.paa"
"I44_G_Inf_Mech_Co","G: Mech Infantry Co","\WW2\Core_t\I44_Markers_t\G\G_Inf_Mech_CO.paa"
"I44_G_Inf_Mech_Div","G: Mech Infantry Dvn","\WW2\Core_t\I44_Markers_t\G\G_Inf_Mech_DIV.paa"
"I44_G_Inf_Mech_Pltn","G: Mech Infantry Pltn","\WW2\Core_t\I44_Markers_t\G\G_Inf_Mech_PLTN.paa"
"I44_G_Inf_Mech_Reg","G: Mech Infantry Rgmt","\WW2\Core_t\I44_Markers_t\G\G_Inf_Mech_REG.paa"
"I44_G_Inf_Mot_Co","G: Mot Infantry Co","\WW2\Core_t\I44_Markers_t\G\G_Inf_Mot_CO.paa"
"I44_G_Inf_Mot_Div","G: Mot Infantry Dvn","\WW2\Core_t\I44_Markers_t\G\G_Inf_Mot_DIV.paa"
"I44_G_Inf_Mot_Pltn","G: Mot Infantry Pltn","\WW2\Core_t\I44_Markers_t\G\G_Inf_Mot_PLTN.paa"
"I44_G_Inf_Mot_Reg","G: Mot Infantry Rgmt","\WW2\Core_t\I44_Markers_t\G\G_Inf_Mot_REG.paa"
"I44_G_Inf_Pltn","G: Infantry Pltn","\WW2\Core_t\I44_Markers_t\G\G_INF_PLTN.paa"
"I44_G_Inf_Reg","G: Infantry Rgmt","\WW2\Core_t\I44_Markers_t\G\G_INF_REG.paa"
"I44_Mrk_FieldWorks","Feature: Field Works","\WW2\Core_t\I44_Markers_t\o\MRK_FieldWorks.paa"
"I44_Mrk_FieldWorksU","Feature: Field Works (empty)","\WW2\Core_t\I44_Markers_t\o\MRK_FieldWorksU.paa"
"I44_Mrk_Minefield","Feature: Minefield","\WW2\Core_t\I44_Markers_t\o\MRK_Minefield.paa"
"I44_Mrk_OP","Feature: OP","\WW2\Core_t\I44_Markers_t\o\MRK_OP.paa"
"I44_Mrk_PrepPos","Feature: Prepared Position","\WW2\Core_t\I44_Markers_t\o\MRK_PrepPos.paa"
"I44_Mrk_PrepPosU","Feature: Prepared Position (empty)","\WW2\Core_t\I44_Markers_t\o\MRK_PrepPosU.paa"
"I44_Mrk_TRP","Feature: TRP","\WW2\Core_t\I44_Markers_t\o\MRK_TRP.paa"
"I44_Mrk_WP","Feature: WP","\WW2\Core_t\I44_Markers_t\o\MRK_WP.paa"
"InfantryTeam","Infantry Team",""
"Join","Join","\WW2\Core_t\IF_Markers_t\gr_join_ca.paa"
"KIA","KIA","\a3\Ui_F_Curator\Data\CfgMarkers\kia_ca.paa"
"LIB_b_air","Helicopter","\WW2\Core_t\IF_Markers_t\b_air.paa"
"LIB_b_armor","Armor","\WW2\Core_t\IF_Markers_t\b_armor.paa"
"LIB_b_art","Artillery","\WW2\Core_t\IF_Markers_t\b_art.paa"
"LIB_b_hq","HQ","\WW2\Core_t\IF_Markers_t\b_hq.paa"
"LIB_b_inf","Infantry","\WW2\Core_t\IF_Markers_t\b_inf.paa"
"LIB_b_maint","Maintenance","\WW2\Core_t\IF_Markers_t\b_maint.paa"
"LIB_b_mech_inf","Mechanized","\WW2\Core_t\IF_Markers_t\b_mech_inf.paa"
"LIB_b_med","Medical","\WW2\Core_t\IF_Markers_t\b_med.paa"
"LIB_b_mortar","Mortar","\WW2\Core_t\IF_Markers_t\b_mortar.paa"
"LIB_b_motor_inf","Motorized","\WW2\Core_t\IF_Markers_t\b_motor_inf.paa"
"LIB_b_plane","Plane","\WW2\Core_t\IF_Markers_t\b_plane.paa"
"LIB_b_recon","Recon","\WW2\Core_t\IF_Markers_t\b_recon.paa"
"LIB_b_service","Service","\WW2\Core_t\IF_Markers_t\b_service.paa"
"LIB_b_support","Support","\WW2\Core_t\IF_Markers_t\b_support.paa"
"LIB_b_uav","UAV","\WW2\Core_t\IF_Markers_t\b_uav.paa"
"LIB_b_unknown","Unknown","\WW2\Core_t\IF_Markers_t\b_unknown.paa"
"LIB_Empty","Empty","WW2\Core_t\IF_Markers_t\marker_empty_ca.paa"
"LIB_Faction_RKKA","Red Army","\WW2\Core_t\IF_Decals_t\Ussr\flag_SU_co.paa"
"LIB_Faction_US_ARMY","US Army","\WW2\Core_t\IF_Decals_t\US\flag_USA_co.paa"
"LIB_Faction_WEHRMACHT","Wehrmacht","\WW2\Core_t\IF_Decals_t\German\flag_GER_co.paa"
"LIB_Flag","Flag","\WW2\Core_t\IF_Markers_t\gr_mission_ca.paa"
"LIB_group_0","Fire Team","\WW2\Core_t\IF_Markers_t\group_0.paa"
"LIB_group_1","Squad","\WW2\Core_t\IF_Markers_t\group_1.paa"
"LIB_group_10","Army","\WW2\Core_t\IF_Markers_t\group_10.paa"
"LIB_group_11","Army Group","\WW2\Core_t\IF_Markers_t\group_11.paa"
"LIB_group_2","Section","\WW2\Core_t\IF_Markers_t\group_2.paa"
"LIB_group_3","Platoon","\WW2\Core_t\IF_Markers_t\group_3.paa"
"LIB_group_4","Company","\WW2\Core_t\IF_Markers_t\group_4.paa"
"LIB_group_5","Battalion","\WW2\Core_t\IF_Markers_t\group_5.paa"
"LIB_group_6","Regiment","\WW2\Core_t\IF_Markers_t\group_6.paa"
"LIB_group_7","Brigade","\WW2\Core_t\IF_Markers_t\group_7.paa"
"LIB_group_8","Division","\WW2\Core_t\IF_Markers_t\group_8.paa"
"LIB_group_9","Corps","\WW2\Core_t\IF_Markers_t\group_9.paa"
"LIB_hd_ambush","Ambush","\WW2\Core_t\IF_Markers_t\hd_ambush_ca.paa"
"LIB_hd_arrow","Arrow","\WW2\Core_t\IF_Markers_t\hd_arrow_ca.paa"
"LIB_hd_destroy","Destroy","\WW2\Core_t\IF_Markers_t\hd_marker_cross_ca.paa"
"LIB_hd_dot","Dot","\WW2\Core_t\IF_Markers_t\hd_marker_dot_ca.paa"
"LIB_hd_end","End","\WW2\Core_t\IF_Markers_t\hd_end_point_ca.paa"
"LIB_hd_flag","Flag","\WW2\Core_t\IF_Markers_t\hd_flag_ca.paa"
"LIB_hd_join","Join","\WW2\Core_t\IF_Markers_t\hd_join_ca.paa"
"LIB_hd_objective","Objective","\WW2\Core_t\IF_Markers_t\hd_mission_ca.paa"
"LIB_hd_pickup","Pick Up","\WW2\Core_t\IF_Markers_t\hd_pickup_ca.paa"
"LIB_hd_start","Start","\WW2\Core_t\IF_Markers_t\hd_start_point_ca.paa"
"LIB_hd_unknown","Unknown","\WW2\Core_t\IF_Markers_t\hd_unknown_ca.paa"
"LIB_hd_warning","Warning","\WW2\Core_t\IF_Markers_t\hd_warning_ca.paa"
"LIB_mil_ambush","Ambush","\WW2\Core_t\IF_Markers_t\gr_ambush_ca.paa"
"LIB_mil_arrow","Arrow","\WW2\Core_t\IF_Markers_t\gr_arrow_ca.paa"
"LIB_mil_arrow2","Arrow (filled)","\WW2\Core_t\IF_Markers_t\gr_arrow2_ca.paa"
"LIB_mil_box","Square","\WW2\Core_t\IF_Markers_t\gr_marker_box_ca.paa"
"LIB_mil_circle","Circle","\WW2\Core_t\IF_Markers_t\gr_marker_circle_ca.paa"
"LIB_mil_destroy","Destroy","\WW2\Core_t\IF_Markers_t\gr_marker_cross_ca.paa"
"LIB_mil_dot","Dot","\WW2\Core_t\IF_Markers_t\gr_marker_dot_ca.paa"
"LIB_mil_end","End","\WW2\Core_t\IF_Markers_t\gr_end_point_ca.paa"
"LIB_mil_flag","Flag","\WW2\Core_t\IF_Markers_t\gr_flag_ca.paa"
"LIB_mil_join","Join","\WW2\Core_t\IF_Markers_t\gr_join_ca.paa"
"LIB_mil_marker","Marker","\WW2\Core_t\IF_Markers_t\gr_marker_ca.paa"
"LIB_mil_objective","Objective","\WW2\Core_t\IF_Markers_t\gr_mission_ca.paa"
"LIB_mil_pickup","Pick Up","\WW2\Core_t\IF_Markers_t\gr_pickup_ca.paa"
"LIB_mil_start","Start","\WW2\Core_t\IF_Markers_t\gr_start_point_ca.paa"
"LIB_mil_triangle","Triangle","\WW2\Core_t\IF_Markers_t\gr_marker_triangle_ca.paa"
"LIB_mil_unknown","Unknown","\WW2\Core_t\IF_Markers_t\gr_unknown_ca.paa"
"LIB_mil_warning","Warning","\WW2\Core_t\IF_Markers_t\gr_warning_ca.paa"
"LIB_n_air","Helicopter","\WW2\Core_t\IF_Markers_t\n_air.paa"
"LIB_n_armor","Armor","\WW2\Core_t\IF_Markers_t\n_armor.paa"
"LIB_n_art","Artillery","\WW2\Core_t\IF_Markers_t\n_art.paa"
"LIB_n_hq","HQ","\WW2\Core_t\IF_Markers_t\n_hq.paa"
"LIB_n_inf","Infantry","\WW2\Core_t\IF_Markers_t\n_inf.paa"
"LIB_n_maint","Maintenance","\WW2\Core_t\IF_Markers_t\n_maint.paa"
"LIB_n_mech_inf","Mechanized","\WW2\Core_t\IF_Markers_t\n_mech_inf.paa"
"LIB_n_med","Medical","\WW2\Core_t\IF_Markers_t\n_med.paa"
"LIB_n_mortar","Mortar","\WW2\Core_t\IF_Markers_t\n_mortar.paa"
"LIB_n_motor_inf","Motorized","\WW2\Core_t\IF_Markers_t\n_motor_inf.paa"
"LIB_n_plane","Plane","\WW2\Core_t\IF_Markers_t\n_plane.paa"
"LIB_n_recon","Recon","\WW2\Core_t\IF_Markers_t\n_recon.paa"
"LIB_n_service","Service","\WW2\Core_t\IF_Markers_t\n_service.paa"
"LIB_n_support","Support","\WW2\Core_t\IF_Markers_t\n_support.paa"
"LIB_n_uav","UAV","\WW2\Core_t\IF_Markers_t\n_uav.paa"
"LIB_n_unknown","Unknown","\WW2\Core_t\IF_Markers_t\n_unknown.paa"
"LIB_o_air","Helicopter","\WW2\Core_t\IF_Markers_t\o_air.paa"
"LIB_o_armor","Armor","\WW2\Core_t\IF_Markers_t\o_armor.paa"
"LIB_o_art","Artillery","\WW2\Core_t\IF_Markers_t\o_art.paa"
"LIB_o_hq","HQ","\WW2\Core_t\IF_Markers_t\o_hq.paa"
"LIB_o_inf","Infantry","\WW2\Core_t\IF_Markers_t\o_inf.paa"
"LIB_o_maint","Maintenance","\WW2\Core_t\IF_Markers_t\o_maint.paa"
"LIB_o_mech_inf","Mechanized","\WW2\Core_t\IF_Markers_t\o_mech_inf.paa"
"LIB_o_med","Medical","\WW2\Core_t\IF_Markers_t\o_med.paa"
"LIB_o_mortar","Mortar","\WW2\Core_t\IF_Markers_t\o_mortar.paa"
"LIB_o_motor_inf","Motorized","\WW2\Core_t\IF_Markers_t\o_motor_inf.paa"
"LIB_o_plane","Plane","\WW2\Core_t\IF_Markers_t\o_plane.paa"
"LIB_o_recon","Recon","\WW2\Core_t\IF_Markers_t\o_recon.paa"
"LIB_o_service","Service","\WW2\Core_t\IF_Markers_t\o_service.paa"
"LIB_o_support","Support","\WW2\Core_t\IF_Markers_t\o_support.paa"
"LIB_o_uav","UAV","\WW2\Core_t\IF_Markers_t\o_uav.paa"
"LIB_o_unknown","Unknown","\WW2\Core_t\IF_Markers_t\o_unknown.paa"
"LIB_Select","Select","WW2\Core_t\IF_MapControl_t\map_player_ca.paa"
"LIB_selector_selectable","Selector - Selectable","\WW2\Core_t\IF_Markers_t\selector_selectable_ca.paa"
"LIB_selector_selectedEnemy","Selector - Selected Enemy","\WW2\Core_t\IF_Markers_t\selector_selectedenemy_ca.paa"
"LIB_selector_selectedFriendly","Selector - Selected Friendly","\WW2\Core_t\IF_Markers_t\selector_selectedfriendly_ca.paa"
"LIB_selector_selectedMission","Selector - Selected Mission","\WW2\Core_t\IF_Markers_t\selector_selectedmission_ca.paa"
"LIB_waypoint","Waypoint","\WW2\Core_t\IF_Markers_t\waypoint.paa"
"LightTeam","Light Team",""
"loc_Ambush","Ambush","\A3\Ui_f\data\Map\Markers\Military\ambush_ca.paa"
"loc_Attack","Attack","\a3\ui_f\data\igui\cfg\simpletasks\types\attack_ca.paa"
"loc_boat","Boat","\a3\ui_f\data\igui\cfg\simpletasks\types\Boat_ca.paa"
"loc_Box","Box","\a3\ui_f\data\igui\cfg\simpletasks\types\box_ca.paa"
"loc_Bunker","Bunker","\A3\ui_f\data\map\mapcontrol\Bunker_CA.paa"
"loc_Bush","Bush","\A3\ui_f\data\map\mapcontrol\Bush_CA.paa"
"loc_BusStop","Bus Stop","\A3\ui_f\data\map\mapcontrol\BusStop_CA.paa"
"loc_car","Car","\a3\ui_f\data\igui\cfg\simpletasks\types\car_ca.paa"
"loc_Chapel","Chapel","\A3\ui_f\data\map\mapcontrol\Chapel_CA.paa"
"loc_Church","Church","\A3\ui_f\data\map\mapcontrol\Church_CA.paa"
"loc_CivilDefense","Civil Defense","\A3\ui_f_orange\data\cfgmarkers\civildefense.paa"
"loc_container","container","\a3\ui_f\data\igui\cfg\simpletasks\types\Container_ca.paa"
"loc_Cross","Cross","\A3\ui_f\data\map\mapcontrol\Cross_CA.paa"
"loc_CulturalProperty","Cultural Property","\A3\ui_f_orange\data\cfgmarkers\culturalproperty_ca.paa"
"loc_DangerousForces","Dangerous Forces","\A3\ui_f_orange\data\cfgmarkers\dangerousforces_ca.paa"
"loc_defend","Defend","\a3\ui_f\data\igui\cfg\simpletasks\types\defend_ca.paa"
"loc_destroy","Destroy","\a3\ui_f\data\igui\cfg\simpletasks\types\destroy_ca.paa"
"loc_download","Download","\a3\ui_f\data\igui\cfg\simpletasks\types\Download_ca.paa"
"loc_Fortress","Bunker","\A3\ui_f\data\map\mapcontrol\Bunker_CA.paa"
"loc_Fountain","Fountain","\A3\ui_f\data\map\mapcontrol\Fountain_CA.paa"
"loc_Frame","Frame","\a3\Ui_f\data\GUI\Rsc\RscDisplayArsenal\icon_ca.paa"
"loc_Fuelstation","Fuel Station","\A3\ui_f\data\map\mapcontrol\Fuelstation_CA.paa"
"loc_heal","Heal","\a3\ui_f\data\igui\cfg\simpletasks\types\Heal_ca.paa"
"loc_heli","Heli","\a3\ui_f\data\igui\cfg\simpletasks\types\Heli_ca.paa"
"loc_help","Help","\a3\ui_f\data\igui\cfg\simpletasks\types\help_ca.paa"
"loc_Hospital","Hospital","\A3\ui_f\data\map\mapcontrol\Hospital_CA.paa"
"loc_interact","Interact","\a3\ui_f\data\igui\cfg\simpletasks\types\interact_ca.paa"
"loc_LetterA","LetterA","\a3\ui_f\data\igui\cfg\simpletasks\letters\a_ca.paa"
"loc_LetterB","LetterB","\a3\ui_f\data\igui\cfg\simpletasks\letters\b_ca.paa"
"loc_LetterC","LetterC","\a3\ui_f\data\igui\cfg\simpletasks\letters\c_ca.paa"
"loc_LetterD","LetterD","\a3\ui_f\data\igui\cfg\simpletasks\letters\d_ca.paa"
"loc_LetterE","LetterE","\a3\ui_f\data\igui\cfg\simpletasks\letters\e_ca.paa"
"loc_LetterF","LetterF","\a3\ui_f\data\igui\cfg\simpletasks\letters\f_ca.paa"
"loc_LetterG","LetterG","\a3\ui_f\data\igui\cfg\simpletasks\letters\g_ca.paa"
"loc_LetterH","LetterH","\a3\ui_f\data\igui\cfg\simpletasks\letters\h_ca.paa"
"loc_LetterI","LetterI","\a3\ui_f\data\igui\cfg\simpletasks\letters\i_ca.paa"
"loc_LetterJ","LetterJ","\a3\ui_f\data\igui\cfg\simpletasks\letters\j_ca.paa"
"loc_LetterK","LetterK","\a3\ui_f\data\igui\cfg\simpletasks\letters\k_ca.paa"
"loc_LetterL","LetterL","\a3\ui_f\data\igui\cfg\simpletasks\letters\l_ca.paa"
"loc_LetterM","LetterM","\a3\ui_f\data\igui\cfg\simpletasks\letters\m_ca.paa"
"loc_LetterN","LetterN","\a3\ui_f\data\igui\cfg\simpletasks\letters\n_ca.paa"
"loc_LetterO","LetterO","\a3\ui_f\data\igui\cfg\simpletasks\letters\o_ca.paa"
"loc_LetterP","LetterP","\a3\ui_f\data\igui\cfg\simpletasks\letters\p_ca.paa"
"loc_LetterQ","LetterQ","\a3\ui_f\data\igui\cfg\simpletasks\letters\q_ca.paa"
"loc_LetterR","LetterR","\a3\ui_f\data\igui\cfg\simpletasks\letters\r_ca.paa"
"loc_LetterS","LetterS","\a3\ui_f\data\igui\cfg\simpletasks\letters\s_ca.paa"
"loc_LetterT","LetterT","\a3\ui_f\data\igui\cfg\simpletasks\letters\t_ca.paa"
"loc_LetterU","LetterU","\a3\ui_f\data\igui\cfg\simpletasks\letters\u_ca.paa"
"loc_LetterV","LetterV","\a3\ui_f\data\igui\cfg\simpletasks\letters\v_ca.paa"
"loc_LetterW","LetterW","\a3\ui_f\data\igui\cfg\simpletasks\letters\w_ca.paa"
"loc_LetterX","LetterX","\a3\ui_f\data\igui\cfg\simpletasks\letters\x_ca.paa"
"loc_LetterY","LetterY","\a3\ui_f\data\igui\cfg\simpletasks\letters\y_ca.paa"
"loc_LetterZ","LetterZ","\a3\ui_f\data\igui\cfg\simpletasks\letters\z_ca.paa"
"loc_Lighthouse","Lighthouse","\A3\ui_f\data\map\mapcontrol\Lighthouse_CA.paa"
"loc_meet","Meet","\a3\ui_f\data\igui\cfg\simpletasks\types\meet_ca.paa"
"loc_mine","Mine","\a3\ui_f\data\igui\cfg\simpletasks\types\mine_ca.paa"
"loc_move","Move","\a3\ui_f\data\igui\cfg\simpletasks\types\move_ca.paa"
"loc_Pick","Pick","\a3\Ui_f\data\IGUI\Cfg\Actions\take_ca.paa"
"loc_plane","Plane","\a3\ui_f\data\igui\cfg\simpletasks\types\Plane_ca.paa"
"loc_Power","Power Plant","\A3\ui_f\data\map\mapcontrol\Power_CA.paa"
"loc_PowerSolar","Solar Power Plant","\A3\ui_f\data\map\mapcontrol\PowerSolar_CA.paa"
"loc_PowerWave","Wave Power Plant","\A3\ui_f\data\map\mapcontrol\PowerWave_CA.paa"
"loc_PowerWind","Wind Power Plant","\A3\ui_f\data\map\mapcontrol\PowerWind_CA.paa"
"loc_Quay","Pier","\A3\ui_f\data\map\mapcontrol\Quay_CA.paa"
"loc_radio","Radio","\a3\ui_f\data\igui\cfg\simpletasks\types\Radio_ca.paa"
"loc_rearm","Rearm","\a3\ui_f\data\igui\cfg\simpletasks\types\rearm_ca.paa"
"loc_refuel","Refuel","\a3\ui_f\data\igui\cfg\simpletasks\types\refuel_ca.paa"
"loc_repair","Repair","\a3\ui_f\data\igui\cfg\simpletasks\types\repair_ca.paa"
"loc_Rifle","Rifle","\a3\ui_f\data\igui\cfg\simpletasks\types\rifle_ca.paa"
"loc_Rock","Rock","\A3\ui_f\data\map\mapcontrol\Rock_CA.paa"
"loc_Ruin","Ruin","\A3\ui_f\data\map\mapcontrol\Ruin_CA.paa"
"loc_SafetyZone","Safety Zone","\A3\ui_f_orange\data\cfgmarkers\safetyzone_ca.paa"
"loc_save","Save","\a3\Ui_f\data\GUI\Rsc\RscDisplayArcadeMap\icon_saveas_ca.paa"
"loc_sdv","SDV","\a3\ui_f\data\gui\cfg\hints\SDV_ca.paa"
"loc_search","Search","\a3\ui_f\data\igui\cfg\simpletasks\types\search_ca.paa"
"loc_SmallTree","Small Tree","\A3\ui_f\data\map\mapcontrol\SmallTree_CA.paa"
"loc_Stack","Chimney Stack","\A3\ui_f\data\map\mapcontrol\Stack_CA.paa"
"loc_talk","Talk","\a3\ui_f\data\igui\cfg\simpletasks\types\Talk_ca.paa"
"loc_Tourism","Hotel","\A3\ui_f\data\map\mapcontrol\Tourism_CA.paa"
"loc_Transmitter","Radio Tower","\A3\ui_f\data\map\mapcontrol\Transmitter_CA.paa"
"loc_Tree","Tree","\A3\ui_f\data\map\mapcontrol\tree_CA.paa"
"loc_Truck","Truck","\a3\ui_f\data\igui\cfg\simpletasks\types\truck_ca.paa"
"loc_use","Use","\a3\ui_f\data\igui\cfg\simpletasks\types\Use_ca.paa"
"loc_ViewTower","View Tower","\A3\ui_f\data\map\mapcontrol\ViewTower_CA.paa"
"loc_WaterTower","Water Tower","\A3\ui_f\data\map\mapcontrol\WaterTower_CA.paa"
"Marker","Marker","\WW2\Core_t\IF_Markers_t\gr_marker_ca.paa"
"MemoryFragment","Flag","\A3\ui_f_orange\data\cfgmarkers\memoryFragment_ca.paa"
"mil_ambush","Ambush","\A3\ui_f\data\map\markers\military\ambush_CA.paa"
"mil_ambush_noShadow","Ambush","\A3\ui_f\data\map\markers\military\ambush_CA.paa"
"mil_arrow","Arrow","\A3\ui_f\data\map\markers\military\arrow_CA.paa"
"mil_arrow2","Arrow (filled)","\A3\ui_f\data\map\markers\military\arrow2_CA.paa"
"mil_arrow2_noShadow","Arrow (filled)","\A3\ui_f\data\map\markers\military\arrow2_CA.paa"
"mil_arrow_noShadow","Arrow","\A3\ui_f\data\map\markers\military\arrow_CA.paa"
"mil_box","Square","\A3\ui_f\data\map\markers\military\box_CA.paa"
"mil_box_noShadow","Square","\A3\ui_f\data\map\markers\military\box_CA.paa"
"mil_circle","Circle","\A3\ui_f\data\map\markers\military\circle_CA.paa"
"mil_circle_noShadow","Circle","\A3\ui_f\data\map\markers\military\circle_CA.paa"
"mil_destroy","Destroy","\A3\ui_f\data\map\markers\military\destroy_CA.paa"
"mil_destroy_noShadow","Destroy","\A3\ui_f\data\map\markers\military\destroy_CA.paa"
"mil_dot","Dot","\A3\ui_f\data\map\markers\military\dot_CA.paa"
"mil_dot_noShadow","Dot","\A3\ui_f\data\map\markers\military\dot_CA.paa"
"mil_end","End","\A3\ui_f\data\map\markers\military\end_CA.paa"
"mil_end_noShadow","End","\A3\ui_f\data\map\markers\military\end_CA.paa"
"mil_flag","Flag","\A3\ui_f\data\map\markers\military\flag_CA.paa"
"mil_flag_noShadow","Flag","\A3\ui_f\data\map\markers\military\flag_CA.paa"
"mil_join","Join","\A3\ui_f\data\map\markers\military\join_CA.paa"
"mil_join_noShadow","Join","\A3\ui_f\data\map\markers\military\join_CA.paa"
"mil_marker","Marker","\A3\ui_f\data\map\markers\military\marker_CA.paa"
"mil_marker_noShadow","Marker","\A3\ui_f\data\map\markers\military\marker_CA.paa"
"mil_objective","Objective","\A3\ui_f\data\map\markers\military\objective_CA.paa"
"mil_objective_noShadow","Objective","\A3\ui_f\data\map\markers\military\objective_CA.paa"
"mil_pickup","Pick Up","\A3\ui_f\data\map\markers\military\pickup_CA.paa"
"mil_pickup_noShadow","Pick Up","\A3\ui_f\data\map\markers\military\pickup_CA.paa"
"mil_start","Start","\A3\ui_f\data\map\markers\military\start_CA.paa"
"mil_start_noShadow","Start","\A3\ui_f\data\map\markers\military\start_CA.paa"
"mil_triangle","Triangle","\A3\ui_f\data\map\markers\military\triangle_CA.paa"
"mil_triangle_noShadow","Triangle","\A3\ui_f\data\map\markers\military\triangle_CA.paa"
"mil_unknown","Unknown","\A3\ui_f\data\map\markers\military\unknown_CA.paa"
"mil_unknown_noShadow","Unknown","\A3\ui_f\data\map\markers\military\unknown_CA.paa"
"mil_warning","Warning","\A3\ui_f\data\map\markers\military\warning_CA.paa"
"mil_warning_noShadow","Warning","\A3\ui_f\data\map\markers\military\warning_CA.paa"
"Minefield","Minefield","\a3\Ui_F_Curator\Data\CfgMarkers\minefield_ca.paa"
"MinefieldAP","Minefield (AP)","\a3\Ui_F_Curator\Data\CfgMarkers\minefieldAP_ca.paa"
"Move","Move",""
"n_air","Helicopter","\A3\ui_f\data\map\markers\nato\n_air.paa"
"n_antiair","Anti-Air","\A3\ui_f\data\map\markers\nato\n_antiair.paa"
"n_armor","Armor","\A3\ui_f\data\map\markers\nato\n_armor.paa"
"n_art","Artillery","\A3\ui_f\data\map\markers\nato\n_art.paa"
"n_hq","HQ","\A3\ui_f\data\map\markers\nato\n_hq.paa"
"n_inf","Infantry","\A3\ui_f\data\map\markers\nato\n_inf.paa"
"n_installation","Installation","\A3\ui_f\data\map\markers\nato\n_installation.paa"
"n_maint","Maintenance","\A3\ui_f\data\map\markers\nato\n_maint.paa"
"n_mech_inf","Mechanized","\A3\ui_f\data\map\markers\nato\n_mech_inf.paa"
"n_med","Medical","\A3\ui_f\data\map\markers\nato\n_med.paa"
"n_mortar","Mortar","\A3\ui_f\data\map\markers\nato\n_mortar.paa"
"n_motor_inf","Motorized","\A3\ui_f\data\map\markers\nato\n_motor_inf.paa"
"n_naval","Naval","\A3\ui_f\data\map\markers\nato\n_naval.paa"
"n_Ordnance","Ordnance","\a3\UI_F_Orange\Data\CfgMarkers\n_Ordnance_ca.paa"
"n_plane","Plane","\A3\ui_f\data\map\markers\nato\n_plane.paa"
"n_recon","Recon","\A3\ui_f\data\map\markers\nato\n_recon.paa"
"n_service","Service","\A3\ui_f\data\map\markers\nato\n_service.paa"
"n_support","Support","\A3\ui_f\data\map\markers\nato\n_support.paa"
"n_uav","UAV","\A3\ui_f\data\map\markers\nato\n_uav.paa"
"n_unknown","Unknown","\A3\ui_f\data\map\markers\nato\n_unknown.paa"
"NATO_base","HQ","\A3\ui_f\data\map\markers\nato\b_hq.paa"
"new_approachment","Approach route","\WW2\Core_t\IF_Markers_t\approachmentline.paa"
"new_armorassault","USSR - tank assault","\WW2\Core_t\IF_Markers_t\armoredassault.paa"
"new_artfiresec","Artillery fire sector","\WW2\Core_t\IF_Markers_t\artilleryfirescetor.paa"
"new_assaultretr","Assault and retreat","\WW2\Core_t\IF_Markers_t\assaultnretreat.paa"
"new_controledter","Captured territory","\WW2\Core_t\IF_Markers_t\controlledterritory.paa"
"new_defencepositions","Defensive position","\WW2\Core_t\IF_Markers_t\defence.paa"
"new_desant","Paratdrop point","\WW2\Core_t\IF_Markers_t\desant.paa"
"new_divideassault","Double way assault","\WW2\Core_t\IF_Markers_t\divide.paa"
"new_flankleftass","Assault to left flank","\WW2\Core_t\IF_Markers_t\flankleft.paa"
"new_flankrightass","Assault to right flank","\WW2\Core_t\IF_Markers_t\flankright.paa"
"new_frontlinedef","Frontline defense","\WW2\Core_t\IF_Markers_t\frontlinedefence.paa"
"new_frontlinelong","Frontline","\WW2\Core_t\IF_Markers_t\frontline.paa"
"new_germanaa","Germany - Anti-Aircraft gun","\WW2\Core_t\IF_Markers_t\geraa.paa"
"new_germanmg","Germany - static machine gun","\WW2\Core_t\IF_Markers_t\germg.paa"
"new_germechaa","Germany - Motorized Anti-Aircraft","\WW2\Core_t\IF_Markers_t\germechaa.paa"
"new_massiveassault","Wide assault","\WW2\Core_t\IF_Markers_t\massiveassault.paa"
"new_nabludpunkt","Watchpoint","\WW2\Core_t\IF_Markers_t\np.paa"
"new_overflanking","Encirclement assault","\WW2\Core_t\IF_Markers_t\overflanking.paa"
"new_sovietaa","USSR - Anti-Aircraft gun","\WW2\Core_t\IF_Markers_t\sovaa.paa"
"new_sovietmg","USSR - static machine gun","\WW2\Core_t\IF_Markers_t\sovmg.paa"
"o_air","Helicopter","\A3\ui_f\data\map\markers\nato\o_air.paa"
"o_antiair","Anti-Air","\A3\ui_f\data\map\markers\nato\o_antiair.paa"
"o_armor","Armor","\A3\ui_f\data\map\markers\nato\o_armor.paa"
"o_art","Artillery","\A3\ui_f\data\map\markers\nato\o_art.paa"
"o_hq","HQ","\A3\ui_f\data\map\markers\nato\o_hq.paa"
"o_inf","Infantry","\A3\ui_f\data\map\markers\nato\o_inf.paa"
"o_installation","Installation","\A3\ui_f\data\map\markers\nato\o_installation.paa"
"o_maint","Maintenance","\A3\ui_f\data\map\markers\nato\o_maint.paa"
"o_mech_inf","Mechanized","\A3\ui_f\data\map\markers\nato\o_mech_inf.paa"
"o_med","Medical","\A3\ui_f\data\map\markers\nato\o_med.paa"
"o_mortar","Mortar","\A3\ui_f\data\map\markers\nato\o_mortar.paa"
"o_motor_inf","Motorized","\A3\ui_f\data\map\markers\nato\o_motor_inf.paa"
"o_naval","Naval","\A3\ui_f\data\map\markers\nato\o_naval.paa"
"o_Ordnance","Ordnance","\a3\UI_F_Orange\Data\CfgMarkers\o_Ordnance_ca.paa"
"o_plane","Plane","\A3\ui_f\data\map\markers\nato\o_plane.paa"
"o_recon","Recon","\A3\ui_f\data\map\markers\nato\o_recon.paa"
"o_service","Service","\A3\ui_f\data\map\markers\nato\o_service.paa"
"o_support","Support","\A3\ui_f\data\map\markers\nato\o_support.paa"
"o_uav","UAV","\A3\ui_f\data\map\markers\nato\o_uav.paa"
"o_unknown","Unknown","\A3\ui_f\data\map\markers\nato\o_unknown.paa"
"Pickup","Pick Up","\WW2\Core_t\IF_Markers_t\gr_pickup_ca.paa"
"RedCrystal","Red Crystal","\A3\ui_f_orange\data\cfgmarkers\redcrystal_ca.paa"
"RepairVehicle","Repair",""
"respawn_air","Helicopter Respawn","\A3\ui_f\data\map\markers\nato\respawn_air_ca.paa"
"respawn_armor","Armor Respawn","\A3\ui_f\data\map\markers\nato\respawn_armor_ca.paa"
"respawn_inf","Infantry Respawn","\A3\ui_f\data\map\markers\nato\respawn_inf_ca.paa"
"respawn_motor","Car Respawn","\A3\ui_f\data\map\markers\nato\respawn_motor_ca.paa"
"respawn_naval","Naval Respawn","\A3\ui_f\data\map\markers\nato\respawn_naval_ca.paa"
"respawn_para","Airborne Respawn","\A3\ui_f\data\map\markers\nato\respawn_para_ca.paa"
"respawn_plane","Plane Respawn","\A3\ui_f\data\map\markers\nato\respawn_plane_ca.paa"
"respawn_unknown","Respawn","\A3\ui_f\data\map\markers\nato\respawn_unknown_ca.paa"
"SalvageVehicle","Salvage",""
"SC_flag_0_east","","\WW2\Core_t\IF_Markers_t\sc_marker_flag_e_ca.paa"
"SC_flag_0_west","","\WW2\Core_t\IF_Markers_t\sc_marker_flag_w_ca.paa"
"SC_flag_1_east","","\WW2\Core_t\IF_Markers_t\sc_marker_flagc_e_ca.paa"
"SC_flag_1_west","","\WW2\Core_t\IF_Markers_t\sc_marker_flagc_w_ca.paa"
"Select","Select","\A3\ui_f\data\igui\cfg\islandmap\iconplayer_ca.paa"
"selector_selectable","Selector - Selectable","\A3\ui_f\data\map\groupicons\selector_selectable_ca.paa"
"selector_selectedEnemy","Selector - Selected Enemy","\A3\ui_f\data\map\groupicons\selector_selectedEnemy_ca.paa"
"selector_selectedFriendly","Selector - Selected Friendly","\A3\ui_f\data\map\groupicons\selector_selectedFriendly_ca.paa"
"selector_selectedMission","Selector - Selected Mission","\A3\ui_f\data\map\groupicons\selector_selectedMission_ca.paa"
"Start","Start","\WW2\Core_t\IF_Markers_t\gr_start_point_ca.paa"
"Strongpoint","Strongpoint","\a3\ui_f\data\Map\Markers\Military\objective_CA.paa"
"SupplyVehicle","Supply",""
"Town","Town,,,",""
"u_installation","Installation","\A3\ui_f\data\map\markers\nato\u_installation.paa"
"Unknown","Unknown","WW2\Core_t\IF_Markers_t\marker_question_ca.paa"
"Vehicle","Vehicle",""
"Warning","Warning","\WW2\Core_t\IF_Markers_t\gr_warning_ca.paa"
"waypoint","Waypoint","\A3\ui_f\data\map\groupicons\waypoint.paa"
"White","White","\A3\ui_f_orange\data\cfgmarkers\white_ca.paa"
"x_art","Artillery","\WW2\Core_t\IF_Markers_t\x_art.paa"
"x_mortar","Mortar","\WW2\Core_t\IF_Markers_t\x_mortar.paa"
